word	ref	asr
a	612	622
aba	0	2
able	5	4
about	45	64
above	4	4
absolute	1	0
absolutely	1	2
absorbable	0	1
abu	0	2
access	1	1
ache	1	0
achieve	1	1
across	2	3
act	3	3
action	0	1
actually	16	16
ad	1	0
add	5	5
adorable	1	0
adult	1	0
advantage	1	1
advise	0	1
affordable	1	1
afraid	1	0
after	22	21
again	34	28
against	1	1
age	2	4
agenda	0	1
aging	0	1
ago	6	6
agree	1	3
ah	94	26
aha	3	0
ahead	3	7
ahem	1	0
aim	1	0
air	2	2
ala	1	0
album	0	1
alike	1	1
all	137	202
aller	2	0
alligator	1	1
allow	1	2
alma	0	3
almond	4	2
almost	15	13
alone	1	0
along	1	3
aloud	1	0
alphabet	2	2
already	11	15
alright	26	5
alrighty	1	0
also	6	8
although	1	1
always	26	28
amazing	0	2
amber	0	1
amen	1	14
amor	1	0
amount	0	1
and	546	504
animal	8	10
ankle	0	1
annoying	0	1
another	17	18
answer	3	5
ant	1	0
anticipate	1	1
any	23	24
anybody	2	2
anyone	2	4
anything	13	12
anyway	10	6
anyways	3	2
anywhere	6	5
apart	1	1
apology	1	1
apparently	5	5
apple	11	9
apply	1	1
appointment	5	3
approach	1	2
approximation	1	1
aqua	0	2
area	3	3
arena	0	1
argue	2	0
argument	0	3
aright	4	0
arm	5	5
around	34	28
article	1	1
as	40	31
aside	2	1
ask	16	19
asleep	5	1
ass	1	2
assist	1	1
assistance	1	0
assistant	0	2
at	141	129
attack	2	1
attempt	1	1
attend	2	0
attention	2	2
attorney	1	1
audio	1	1
august	1	0
aunt	2	0
auntie	1	0
automatic	1	1
autumn	0	1
avocado	2	1
avoid	1	1
aw	26	6
awake	2	2
away	22	22
awe	13	0
awesome	7	6
awful	1	0
awhile	1	0
awkward	1	1
ay	0	5
aye	7	1
b	1	1
ba	14	1
baa	1	2
baba	1	0
babe	14	6
baby	119	110
back	60	74
backwards	1	0
bad	14	16
bag	28	21
bah	2	0
bake	1	0
baker	1	0
bakery	0	1
balance	3	2
ball	14	14
balloon	1	1
banana	12	13
band	0	1
banquet	1	0
bar	1	2
barbecue	1	1
bare	0	1
barely	2	1
bark	2	2
barney	2	0
bas	4	0
baseball	4	2
basic	1	1
basically	4	4
basis	0	1
basket	1	0
basketball	0	2
bass	0	1
bath	14	4
bathroom	5	8
be	2064	2303
beam	1	1
bean	5	4
bear	7	2
beard	1	1
beat	1	3
beau	1	0
beautiful	8	13
because	54	91
become	1	1
bed	18	15
bedroom	4	3
bedspread	1	1
bedtime	2	2
bee	1	1
beef	1	1
beer	1	1
beetle	1	1
before	19	13
begin	0	2
behave	3	2
behind	7	6
believe	8	13
belligerent	1	1
belly	1	1
benefit	15	0
bet	3	3
better	0	1
between	2	2
beyond	1	0
bib	1	0
bien	3	0
big	46	43
bike	1	3
bikini	0	1
bing	2	2
bingo	0	1
bird	4	4
birth	0	1
birthday	2	2
biscuit	2	1
bit	29	31
bite	18	9
black	10	7
blackbird	0	1
blah	0	4
blame	1	0
blanket	4	3
blend	2	2
bless	4	3
block	3	2
blood	0	1
bloody	1	0
blow	3	3
blue	12	8
blueberry	2	2
bluster	0	1
board	1	1
boat	10	5
body	0	1
boil	1	0
bom	4	0
bone	1	0
bonk	1	0
boo	12	4
booby	1	0
book	19	15
bookie	0	1
bookshelf	1	0
boom	12	21
booster	1	0
boot	2	1
boring	1	0
borrow	0	1
borrowing	1	0
boss	1	0
both	11	11
bother	1	1
bottle	11	9
bottom	2	3
bought	0	1
bounce	2	3
bout	5	0
bow	1	4
bowel	2	0
bowl	1	0
box	13	9
boxing	0	1
boxy	1	0
boy	49	40
boyish	1	0
bra	0	1
brace	1	1
brain	1	2
branch	1	1
brass	0	1
brave	0	1
bread	2	1
break	13	11
breakfast	3	2
breaking	1	0
breast	1	1
breastfeeding	1	1
breathe	5	4
breathing	0	1
bright	2	2
brilliant	1	0
bring	16	16
broccoli	2	2
broom	2	0
brother	5	5
brown	0	1
brownie	1	0
brush	2	5
brushing	1	0
brute	1	1
bubble	2	2
buck	4	3
bud	0	2
buddy	1	2
budget	2	2
bug	3	4
buggy	1	1
build	4	5
building	1	1
bulk	1	1
bulky	1	0
bullet	0	1
bully	1	0
bum	20	2
bump	0	1
bunch	2	1
bunny	2	1
burn	1	0
bus	4	2
bush	1	1
business	1	1
busy	3	2
but	165	152
butt	2	2
butter	3	0
butterfly	5	4
button	4	4
butty	3	1
buy	5	5
buzz	5	4
by	18	14
bye	34	158
c	6	7
cabinet	2	2
cable	1	1
cage	1	3
cain	0	4
cake	11	6
call	31	41
calling	1	0
calm	1	1
calor	3	0
camera	1	2
camp	2	1
campus	1	2
can	265	267
candle	2	3
candy	3	2
canyon	2	2
cap	1	0
capability	1	0
capable	1	1
cape	0	1
car	35	25
caravan	2	1
card	9	8
cardiologist	1	1
care	11	8
careful	16	8
carpal	0	1
carpet	2	0
carrier	2	1
carrot	3	3
carry	1	1
cart	3	2
case	1	3
cast	0	1
cat	7	3
catch	4	2
catching	0	1
cause	48	2
center	0	1
cereal	3	1
certain	1	1
cha	1	0
chair	10	7
chairman	0	1
challenge	0	1
chance	5	5
change	24	16
charge	6	5
chase	1	0
chat	0	1
cheap	2	1
check	14	16
chee	1	0
cheek	0	2
cheer	0	4
cheese	13	12
cheque	1	0
chest	1	1
chew	3	2
chewy	0	2
chicken	28	6
child	4	3
chill	3	3
chilla	2	0
chimney	1	0
chip	1	0
chocolate	1	1
choice	3	1
choose	6	6
chose	1	0
chubby	1	1
chuck	1	0
chunk	1	1
chunky	1	0
church	4	2
cig	1	0
cigar	1	0
cinder	0	1
cinnamon	1	0
circle	1	1
city	0	2
clap	21	8
class	5	3
clean	15	14
clear	1	3
clever	3	3
click	2	2
client	0	1
climb	4	2
clinical	1	0
clip	0	1
cloak	1	0
clock	1	2
close	8	13
closet	2	2
cloth	6	1
clothes	6	6
cloud	3	2
cloudy	0	1
cluck	4	0
coast	1	1
coat	4	2
coconut	6	5
code	1	1
coffee	6	5
coffin	0	2
cognitively	0	1
coincide	1	0
cold	2	4
collagen	1	0
college	1	2
colon	1	0
color	16	6
colour	0	5
come	166	147
comfortable	1	2
comfy	1	1
community	0	1
company	1	0
compare	1	0
competition	1	1
complain	1	1
computer	5	4
concert	1	1
condition	1	1
conference	1	1
confuse	1	2
confused	1	0
congested	1	1
congratulation	1	2
connect	2	1
consider	2	1
consistently	1	1
continue	2	2
continuum	1	1
control	4	4
convenient	1	1
convention	0	1
conversation	0	2
convinced	1	1
cook	3	3
cooking	2	1
cookout	0	1
cool	16	22
coop	4	0
cooper	6	3
cop	0	2
copy	2	2
cord	2	1
corn	1	1
corner	1	2
cost	0	1
costume	4	3
cot	2	0
cottonwood	1	1
couch	12	10
cough	17	3
could	38	37
counselor	0	1
count	1	3
counter	1	1
country	1	1
county	1	1
couple	7	7
coupon	1	0
course	4	7
cousin	2	2
cover	5	4
cow	1	2
cozy	1	1
crack	1	0
cracker	1	1
crash	1	0
crawl	4	4
crazy	9	8
cream	1	0
credit	4	4
crib	1	1
crisis	0	1
crocodile	5	5
cross	3	1
crowd	1	1
cry	17	13
cuddle	8	5
cue	0	1
cuff	0	5
cup	11	6
cupcake	3	2
curd	2	0
curious	3	4
curse	1	2
curtain	4	4
custard	1	0
cut	6	6
cute	12	13
d	3	1
da	18	9
dad	12	13
dada	21	3
daddy	31	14
daisy	0	1
damage	2	2
damn	2	1
dance	7	6
dancing	1	1
dandruff	1	2
dangerous	1	0
dare	0	1
dark	3	3
darling	5	2
darn	0	1
date	0	2
daughter	2	2
daw	7	0
day	45	44
daytime	1	1
dead	1	5
deal	6	5
dear	2	1
death	0	3
debit	2	2
decide	1	2
decision	1	1
deck	0	2
decline	0	1
dee	1	0
deep	1	1
default	1	1
define	1	0
definitely	7	7
delete	1	0
delicious	1	1
delivery	1	0
dell	1	0
den	1	0
deny	1	0
desk	1	2
desperate	1	0
devastation	1	1
development	3	4
device	2	2
diagnostic	1	0
diamond	2	2
diaper	12	7
diarrhea	3	3
dice	0	1
die	1	3
diesel	1	1
diet	1	1
difference	1	1
different	4	5
difficult	1	1
diffusion	1	1
dig	0	1
digest	1	1
digger	2	1
dine	1	1
ding	0	11
dining	2	1
dinky	0	1
dinner	8	7
dinnertime	0	1
dinosaur	1	1
dip	0	1
dirt	1	1
dirty	4	1
disappear	2	1
discover	1	1
discuss	1	0
disease	1	1
dish	4	3
disposable	1	1
distance	0	2
divine	1	0
divorce	0	1
dizziness	1	0
dizzy	2	0
do	810	820
dock	3	1
doctor	6	8
dodo	1	0
dog	17	14
doll	1	0
dollar	12	2
don	2	0
done	8	11
donkey	1	0
doodle	1	0
dook	1	0
door	10	15
doorbell	1	0
dope	0	1
dot	12	0
double	3	2
doubtful	1	0
dough	1	0
down	92	86
downstairs	1	0
dozen	1	1
draw	1	2
drawer	3	0
dread	1	0
dream	6	5
dress	3	2
drink	10	10
drive	10	6
driverless	2	1
drop	11	8
drown	1	0
drug	1	1
drummer	0	2
drunkenness	1	0
dry	10	6
duck	2	3
dude	1	1
due	1	2
dum	2	0
dumb	1	1
dummy	0	2
dump	12	12
dumper	1	1
during	2	2
dynamic	1	1
e	4	1
each	6	3
ear	9	12
early	4	9
earring	1	1
earwax	1	0
east	1	1
easy	9	8
eat	55	50
eatable	1	1
edge	2	0
effect	0	1
effort	1	0
egg	1	1
eh	21	20
eight	9	16
eighteen	1	0
eighty	1	0
either	8	7
elephant	1	2
elevation	1	1
eleven	2	0
eleventh	1	0
elf	0	1
elite	0	1
elk	0	1
else	11	12
embarrass	1	0
embarrassing	2	3
empty	1	1
encore	1	0
end	12	15
ended	0	1
engine	1	1
enjoy	1	5
enough	13	9
entire	1	1
er	2	0
era	1	1
es	1	0
escape	1	1
especially	0	2
eternity	0	1
even	32	24
evening	0	1
event	2	1
ever	10	12
every	18	17
everybody	5	7
everyday	3	0
everyone	6	3
everything	15	19
everywhere	2	3
evidence	0	1
evil	0	1
exact	1	0
exactly	4	8
exaggerate	1	0
exam	4	2
example	2	3
excavator	1	1
excellent	2	2
excess	1	0
excessive	0	1
excited	0	2
exciting	2	1
excuse	2	4
expect	1	1
expense	1	0
expensive	2	3
experience	1	2
explain	1	1
explore	2	2
extension	1	1
extra	4	4
eye	7	8
eyeball	1	0
f	2	1
fa	1	0
fabulous	1	0
face	7	11
fact	3	2
fag	1	0
fair	3	2
fairly	1	0
fairy	0	2
faith	1	3
faithful	0	1
fake	1	1
fall	15	9
familiar	0	1
family	1	2
fantastic	0	2
fantasy	0	1
far	8	10
farm	1	1
farmer	3	0
farthest	1	1
fascist	1	0
fashionable	1	1
fast	8	7
fat	5	3
father	3	3
fault	2	2
favor	1	1
favorite	5	4
fed	0	1
feed	6	5
feeding	1	0
feel	23	23
fellow	1	0
feminist	0	1
fence	1	0
fest	2	2
festival	2	2
few	4	9
field	1	1
fifteen	1	0
fifty	3	0
fight	5	4
fighting	0	1
figure	2	3
file	2	2
fill	7	3
filter	1	1
final	1	1
finally	1	2
finance	1	1
find	15	20
finder	1	1
fine	25	22
finely	8	0
finger	13	6
finish	2	3
fire	7	5
firm	0	1
first	21	21
fish	5	3
fishing	1	1
fist	1	1
fit	5	4
five	29	15
fix	6	1
flap	1	0
flash	1	1
flip	1	2
float	1	1
flood	3	2
floor	10	9
floss	1	0
flower	8	7
flu	1	1
fluffy	1	1
flush	1	1
fly	4	5
fogginess	1	0
foil	0	1
fold	6	3
follow	1	2
food	12	11
foot	11	7
football	4	2
for	217	211
forage	1	0
forever	1	1
forget	15	11
forgive	1	0
fork	2	1
form	1	2
formula	3	3
forty	2	0
forward	0	3
four	18	14
fourteen	1	0
fox	0	1
foxy	0	3
frame	1	3
freak	3	1
free	12	16
freezer	1	1
freezing	1	0
frenzy	2	2
frequency	2	1
fresh	4	1
friend	17	14
frog	4	2
froggy	4	3
from	39	30
front	5	6
fruit	4	4
fry	4	4
fudge	0	1
full	6	6
fun	8	18
function	1	0
functional	1	1
funky	1	0
funny	22	21
furry	1	1
fussy	2	2
g	0	2
ga	8	0
gain	2	1
game	11	9
garage	1	0
garbage	1	1
gas	3	3
gasp	3	0
gate	4	4
gear	2	2
gecko	1	0
gee	1	2
geek	0	3
gemma	1	0
gen	0	7
gender	1	1
gene	1	0
general	0	1
gentle	9	2
gently	8	6
germ	2	0
get	377	351
getaway	0	1
giant	1	1
gift	3	1
giggle	1	1
gingerbread	0	1
gio	0	1
girl	51	38
gish	1	0
give	35	39
glad	0	1
glass	0	1
glasses	0	1
glossy	1	0
glove	6	1
glow	1	0
go	499	542
goa	1	0
goal	1	1
goat	0	1
god	19	46
gold	2	1
goldfish	1	1
goldilocks	1	0
golf	0	1
gone	6	3
good	153	190
goodness	7	6
gorgeous	7	4
gosh	6	9
governor	0	1
grab	18	12
grabber	0	1
grade	1	0
gram	4	0
grand	2	1
granddad	1	0
grandfather	1	1
grandma	8	4
grandpa	3	3
granny	1	1
grape	2	1
grass	0	1
grave	0	1
gray	0	1
great	43	55
green	9	10
grey	5	3
groan	2	0
grocery	1	1
gross	2	0
ground	3	3
group	2	3
grow	6	3
grub	0	1
grumpy	1	0
guess	12	13
guest	0	1
guidance	1	1
guide	2	2
gun	0	2
guy	29	44
gym	2	1
h	3	1
ha	42	48
habit	0	1
hack	1	1
hair	13	8
hairy	1	0
hale	0	1
half	11	11
halfway	1	3
hall	0	1
hallelujah	0	1
ham	1	2
hamburger	1	0
hand	33	32
handstand	1	1
handwriting	1	2
happen	19	23
happily	1	1
happy	14	16
hard	19	20
harm	0	1
hat	10	6
hate	3	3
have	360	379
havoc	1	1
haw	0	1
hay	2	0
he	247	231
head	17	13
headache	1	1
health	1	3
healthy	0	1
heap	1	0
hear	21	28
heart	0	2
heat	2	3
heavily	1	1
heavy	1	0
heck	1	0
helicopter	0	1
hell	2	5
hello	47	50
help	28	28
helper	1	0
helpful	1	2
her	102	80
here	234	201
hero	1	1
herself	3	0
hey	109	90
hi	86	55
hiccup	1	1
hide	2	0
high	15	10
highway	1	1
hill	0	1
himself	1	1
hint	2	2
his	41	33
hish	1	0
history	0	1
hit	6	9
ho	4	5
hoi	1	0
hold	39	42
holder	1	1
hole	1	1
holiday	1	3
hollow	1	0
holy	5	3
home	21	19
honest	0	2
honestly	1	1
honey	22	7
honk	3	3
hook	1	1
hop	1	1
hope	5	11
hopefully	1	2
horn	1	0
horrible	2	3
horror	0	1
horse	1	0
hose	1	1
hospital	1	1
host	0	1
hot	16	12
hour	12	11
house	16	16
how	92	83
howdy	0	1
hug	3	1
huge	2	2
huh	31	41
hum	4	1
humanity	1	0
humid	1	0
hundred	11	1
hungry	7	6
hunting	1	1
hurry	7	5
hurt	13	10
husband	1	1
i	1380	1598
ice	5	0
icicle	0	1
idea	4	3
identify	3	3
if	100	92
ignore	1	0
imaginary	1	0
imagine	0	2
important	1	1
impressive	0	1
improper	0	1
in	301	280
include	2	1
increment	1	1
indicator	1	1
infant	1	1
influence	1	1
innocent	0	1
inside	3	4
inspire	1	0
inspiring	1	1
installation	1	1
instead	2	2
insurance	2	1
interest	1	1
interested	2	2
interesting	2	2
interface	0	1
international	1	1
into	14	17
invite	1	1
iron	0	1
irritating	1	1
island	0	1
issue	2	4
it	802	967
its	20	1
j	3	0
jacket	2	3
jail	0	1
jazz	4	4
jealous	1	0
job	12	18
jobless	1	0
joke	1	2
juice	5	3
jump	4	9
jumpy	3	3
june	1	0
just	189	196
k	2	1
kale	2	1
karate	1	1
keep	24	26
kernel	1	0
kettle	1	1
key	3	3
kick	5	3
kiki	0	7
kill	0	2
killer	0	1
kind	21	18
kindle	1	1
king	1	1
kingdom	4	4
kish	1	0
kiss	22	14
kitchen	5	5
kite	1	0
kiwi	1	0
knee	6	4
knife	0	1
knight	1	0
know	202	222
kraft	1	0
l	6	0
la	19	14
lab	2	2
lady	5	5
lake	0	1
land	1	1
language	5	6
lap	1	1
large	1	0
last	21	23
late	19	18
laugh	21	4
laundry	4	4
law	1	1
lay	9	8
lazy	0	1
lead	2	3
leader	1	0
leak	2	3
leaky	1	0
leaner	0	1
learn	7	4
least	6	5
leather	0	1
leave	32	24
left	2	3
leg	6	7
legal	1	1
lentil	1	1
let	81	150
letter	5	4
level	1	1
lick	1	1
lie	5	5
lieu	1	1
life	9	11
lift	2	4
light	12	9
like	363	318
likely	1	1
limb	1	1
limit	2	3
lindo	0	1
line	4	5
link	0	2
lion	2	1
lip	0	1
lish	1	0
list	1	1
listen	8	17
literally	1	1
litter	1	0
little	116	105
live	7	6
living	4	3
lizard	2	1
lo	1	1
load	2	3
loan	0	1
location	1	1
lock	2	3
log	1	0
long	23	20
look	181	189
loose	0	2
lord	1	0
lordy	1	1
lose	6	10
lot	18	31
loud	1	0
love	72	75
lovely	1	0
low	3	3
luck	2	1
lucky	1	0
lunch	10	7
lush	1	1
ly	3	0
m	4	0
ma	3	0
machine	2	1
mad	2	3
magic	2	2
major	0	1
make	71	65
maker	1	1
making	0	1
male	0	1
maliciously	1	1
mamma	0	1
man	12	26
manage	1	1
manger	2	0
many	8	10
march	1	1
mark	2	4
marriage	0	1
marvelous	1	1
massive	1	1
master	2	1
match	3	1
mate	2	3
math	2	4
matter	8	7
may	2	6
maybe	30	36
meal	0	1
mean	40	36
meander	1	1
meat	2	2
medication	1	0
medium	1	1
meet	3	4
meeting	2	3
member	1	2
mental	0	1
mention	1	1
menu	1	1
merrily	13	16
merry	0	1
mess	7	6
message	0	2
meter	1	1
mi	2	0
microwave	1	1
mid	1	0
middle	3	2
might	15	13
milk	19	17
million	1	1
mind	7	8
ministry	1	1
minute	13	24
mirror	1	3
miss	6	8
missy	1	0
mix	3	4
mo	1	0
model	2	2
moisture	1	0
moment	0	6
mommy	49	39
money	10	11
monitor	1	0
monkey	2	0
monster	3	1
montana	0	1
month	12	15
monthly	1	1
moo	0	2
moon	2	2
more	65	72
morning	21	21
most	4	5
mother	5	6
mountain	3	3
mouse	5	3
mouth	13	12
mouthwash	1	1
move	32	32
movement	3	2
movie	1	6
mu	1	0
much	32	57
muddy	1	1
muffet	0	1
muffin	1	0
mug	1	0
mull	1	0
multiply	0	1
mum	1	4
mummy	9	4
mung	0	6
mushy	1	0
music	6	6
must	3	6
mustang	0	1
my	241	229
myself	4	5
n	6	0
na	3	5
nail	11	6
name	2	8
nap	9	8
napkin	1	1
nasty	1	1
native	1	1
natural	1	1
naughty	3	0
nearly	5	2
neat	2	0
neck	3	1
need	76	78
neighbor	0	1
neighborhood	1	0
neither	1	2
nephew	1	1
nervous	1	0
net	1	0
network	2	1
neurotic	1	1
neutrally	1	1
never	13	15
new	18	14
news	1	3
next	10	19
ni	2	0
nice	43	45
niece	1	0
niggle	0	2
night	25	30
nightmare	1	1
nights	0	1
nighttime	2	1
nine	6	1
nineteen	1	0
ninety	1	0
nit	1	0
no	327	301
nobody	2	1
noise	27	5
non	4	0
noodle	3	1
noon	4	3
nope	8	16
nor	0	1
normally	3	4
north	0	1
nose	17	14
not	604	617
note	0	1
notebook	0	1
nothing	9	7
notice	3	4
now	123	104
noxious	1	1
nu	0	6
nugget	1	0
nul	1	0
number	3	1
nurse	3	3
nursery	2	2
nursing	2	0
nut	1	1
oat	2	1
obligate	1	1
obvious	2	1
obviously	2	2
oclock	1	0
of	195	220
off	33	40
offense	0	1
offer	3	2
office	2	1
officer	0	1
oh	327	440
oil	0	1
old	6	5
olive	0	1
on	270	250
once	6	3
one	187	176
onion	2	2
only	24	18
onto	2	1
ope	2	0
open	19	25
operation	0	1
oppose	1	0
optician	1	0
option	1	1
or	86	76
orange	4	5
orchid	1	1
order	6	6
original	1	0
other	21	20
ouch	5	0
ough	1	0
our	27	25
out	115	129
outer	0	1
outfit	3	3
output	0	1
outside	12	12
over	50	56
overall	1	1
ow	37	13
owe	3	2
owl	8	5
own	8	7
p	6	1
pack	3	1
packet	0	2
pad	1	0
page	2	3
painful	1	0
paint	6	5
pair	1	0
pale	1	0
palm	2	0
pamper	1	1
pan	0	1
pancake	1	0
pantie	1	1
pants	12	6
papa	3	3
paper	6	4
papilla	1	0
par	1	0
pardon	4	3
parent	2	4
park	5	6
parking	3	2
parole	1	1
parsnip	1	0
part	8	11
particle	1	1
particular	1	0
party	6	6
pass	4	4
past	5	5
pat	11	3
path	1	2
patient	1	0
pattern	1	0
pause	0	1
pay	12	10
payment	2	2
pea	1	2
peace	0	12
pearl	0	2
peasy	1	0
peek	1	1
peekaboo	5	2
peel	2	0
pen	0	1
pencil	2	1
people	0	1
pepper	2	1
pepperoni	3	1
percent	3	0
percentile	1	1
perfect	4	5
perform	1	1
performer	1	1
perhaps	2	2
period	1	1
person	18	26
personally	1	1
pet	1	1
phase	1	0
phone	18	26
phoo	1	0
photo	2	1
phrase	1	0
pick	22	15
pickle	0	2
picture	7	8
pie	2	0
piece	6	5
pig	2	0
piggy	3	1
pile	2	2
pillow	3	3
pin	1	1
pinch	1	1
pink	5	1
pinker	0	1
pioneer	1	1
pish	1	1
piss	2	2
pitch	1	2
pizza	2	2
place	14	10
plain	1	0
plan	4	5
plane	3	4
plant	0	1
plate	7	2
play	62	54
player	0	1
playground	0	1
please	43	30
pledge	1	0
plenty	1	0
plot	1	1
plume	0	1
plus	6	4
pocket	3	2
point	9	9
polite	0	1
pond	1	0
poof	0	1
pool	5	3
poop	15	10
poor	6	3
pop	1	22
poppin	0	1
poppy	1	2
popular	0	1
pork	1	1
porridge	1	0
portion	1	1
posh	1	0
positive	1	2
possible	1	1
pot	3	1
potato	3	3
pott	1	0
pound	5	1
pour	4	0
power	0	2
pox	1	0
praise	1	0
pram	2	0
pray	2	2
prayer	1	0
prefer	0	1
pregnancy	1	0
prendre	1	0
present	2	0
press	1	2
pressure	1	0
pretend	1	1
pretty	25	22
pretzel	3	3
price	2	3
primitive	1	0
princess	2	2
print	0	1
printing	1	1
privilege	0	1
prob	1	0
probably	22	29
probation	0	1
problem	3	6
process	2	1
program	1	1
progress	1	1
project	6	6
promise	1	2
properly	1	1
protect	0	1
pu	1	0
pub	0	1
puke	1	0
pull	13	17
pump	3	1
pumpkin	1	0
punch	3	2
puncture	0	1
puppy	3	3
purchase	0	2
purple	6	6
purpose	0	1
purposefully	1	1
purse	3	2
push	14	5
put	94	82
puzzle	1	1
q	2	1
quack	1	0
quacky	1	0
quarter	0	1
queen	2	1
question	0	5
quick	8	8
quickly	5	6
quiet	6	10
quit	4	1
quite	3	4
ra	1	0
rabbit	4	2
radiator	1	0
radio	0	1
rah	1	0
rain	13	8
rainbow	2	2
rainy	1	1
raise	2	2
randomly	1	1
range	1	2
rare	2	1
raspberry	4	0
rat	0	2
rate	0	1
rather	1	0
rattle	3	1
raven	1	0
ravens	0	1
raw	1	1
razor	2	2
reach	1	1
read	9	8
reading	2	1
ready	38	26
real	4	6
realize	2	2
really	58	57
reason	2	1
receive	1	1
recipe	1	1
reckon	1	0
recolonize	1	1
record	6	7
recorder	2	1
recording	6	5
recount	1	0
red	13	9
reel	0	1
refill	3	2
reintroduce	1	1
rejection	0	1
related	1	1
relationship	2	2
relax	0	1
release	0	1
reload	0	1
remember	20	23
repeat	1	1
request	1	1
require	1	0
research	0	1
resemblance	1	1
residence	1	0
resource	1	1
rest	6	4
result	0	1
retain	1	0
return	3	3
reuse	1	1
rhyme	1	0
rice	1	1
rid	0	1
ride	2	1
ridiculous	3	3
riding	1	2
rifle	0	1
right	112	204
ring	3	4
rinse	1	1
rip	2	1
river	1	0
road	3	4
roar	1	0
rock	5	4
rocky	1	1
roll	10	8
roof	0	1
room	25	17
root	2	2
rough	0	1
roughly	1	0
round	3	0
route	1	1
routine	1	1
row	27	11
rubber	1	0
rubble	1	0
ruin	5	3
rule	0	2
run	14	24
running	2	0
rural	1	0
rust	2	2
s	7	2
sad	3	3
safe	5	6
safely	1	1
sake	0	2
salad	1	0
sale	1	0
salt	1	0
same	5	7
sandy	2	2
sauce	3	2
save	2	5
say	159	132
scale	2	2
scalp	1	1
scan	1	0
scare	1	0
scary	1	0
scenario	0	1
scene	1	0
school	7	9
scissors	1	0
scoop	3	10
scoot	22	8
scooter	10	9
scrap	1	0
scratch	2	3
scream	7	6
screen	0	1
sea	3	1
search	0	1
season	1	2
seat	8	5
second	19	20
secret	1	1
secretly	0	1
section	2	1
see	167	204
seed	2	2
seem	1	4
segment	0	1
selection	1	1
sell	2	3
send	7	9
senior	2	3
sense	2	2
sensible	0	1
separate	1	1
seriously	1	0
serve	1	0
service	0	1
set	7	7
setting	1	1
settle	1	0
seven	3	0
seventieth	2	0
seventy	3	0
several	1	0
sh	98	0
shade	1	1
shake	2	3
shall	1	1
shame	0	1
shank	0	1
shape	8	9
share	5	3
shark	1	1
sharp	2	1
sharpen	1	1
sharpener	1	1
she	226	179
sheep	2	3
sheet	1	0
shelf	3	2
shift	1	1
shine	1	1
ship	0	1
shirt	6	4
shiver	1	1
shock	0	1
shoe	2	0
shoo	1	0
shoot	1	0
shop	3	2
short	6	4
shot	0	1
should	54	45
shoulder	2	3
shout	2	1
show	23	28
shower	2	2
shush	0	6
shut	10	5
si	2	0
sick	1	5
sickness	1	1
side	8	15
sift	1	0
sigh	2	0
sign	4	6
silly	8	5
simple	3	1
since	3	1
sing	9	6
singing	2	0
single	2	3
sink	5	1
sir	5	14
sire	11	10
sis	1	0
sish	1	0
sister	12	10
sit	46	32
site	3	1
sitter	1	0
situation	2	3
six	14	6
sixteen	2	0
sixty	4	0
sketchy	1	1
skin	1	2
skinning	0	1
skinny	3	1
skip	0	3
sky	12	10
slap	1	1
sleep	33	31
sleeping	0	1
sleepy	4	2
slide	0	1
slimy	1	0
slip	0	2
slipper	3	3
slippery	1	1
slow	2	3
slowly	0	1
small	4	4
smart	1	1
smash	1	0
smell	7	5
smile	4	4
smoke	1	2
smoothly	1	1
smore	1	0
smother	2	1
snack	1	1
snail	1	1
snake	1	1
snap	3	2
sniff	2	2
snot	3	2
snotty	0	1
snuffle	0	1
snuggle	2	2
so	253	284
soak	2	0
sock	7	4
soft	3	1
softball	3	3
soil	1	1
sol	0	1
solar	0	1
solid	2	2
some	89	80
somebody	6	4
somehow	1	1
someone	7	8
something	34	39
sometime	3	0
sometimes	12	12
somewhere	5	6
son	4	4
song	3	2
soon	8	11
soother	2	2
sore	1	0
sorry	17	27
sort	1	4
sound	11	13
soup	3	3
space	1	2
spark	1	0
spat	1	0
speak	5	5
speaker	0	1
special	2	2
speed	2	2
spell	3	2
spend	2	1
spice	2	0
spider	5	3
spike	0	2
spinning	1	0
spit	2	1
spitting	2	1
split	2	2
sponsor	0	1
spoon	1	1
sporadically	1	1
spot	2	1
spout	2	0
spread	1	0
spring	7	3
springtime	0	1
spy	2	2
squeeze	2	2
squeezer	0	2
squirrel	2	2
squish	4	2
squishy	1	2
stab	1	1
staff	0	1
stair	2	1
stand	10	4
standing	1	1
star	10	5
start	20	24
state	3	2
station	1	1
status	0	1
stay	9	15
steady	9	5
steak	2	0
steal	2	1
steel	0	1
step	3	2
stick	6	8
sticker	1	1
sticky	1	1
stiff	1	0
still	33	33
stink	1	1
stir	1	1
stop	42	38
store	4	2
story	4	8
straight	3	2
strap	0	1
strawberry	2	1
stream	9	7
street	2	4
string	2	2
strip	1	0
stripe	1	1
strong	4	5
struggle	2	3
stuck	8	4
student	1	2
study	6	4
stuff	23	28
stupid	1	1
style	1	1
such	9	6
suck	2	5
sugar	0	1
summer	3	2
sun	6	5
sunflower	1	0
sunny	2	0
sunshine	1	1
sup	0	3
super	2	3
supervisor	1	1
supper	1	1
supply	1	1
support	0	2
suppose	7	11
sur	2	0
sure	21	21
surely	1	0
surprise	2	2
survive	2	2
suspension	0	1
swear	1	2
sweat	3	2
sweater	1	1
sweep	1	1
sweet	4	3
sweetheart	3	1
sweetie	1	0
sweety	1	0
swelter	1	1
swim	5	2
swing	1	1
swish	2	0
switch	1	3
sword	0	1
syrup	2	2
system	0	1
t	17	2
table	9	7
tag	1	1
tail	2	2
take	68	82
tal	1	0
tale	0	1
talk	27	34
tall	1	1
tan	1	1
tank	1	0
tantrum	1	2
tapa	2	1
target	3	3
taste	5	4
tasty	0	1
tater	0	1
tatu	1	0
tax	1	2
tch	5	0
tea	4	1
teach	2	3
teacher	1	0
teaching	0	1
team	0	2
tear	1	2
tee	0	1
teen	1	1
teethe	1	1
tell	52	44
temperature	1	0
temple	0	1
tempo	0	1
ten	11	0
tend	0	1
term	2	1
terrible	2	2
terry	0	1
test	4	4
testy	1	0
text	3	2
texture	1	1
than	12	12
thank	48	774
thankfully	1	1
thanks	14	19
that	659	761
the	780	781
thee	4	0
their	17	14
themselves	1	1
then	110	85
there	214	198
thermometer	1	0
they	216	214
thicket	1	1
thief	1	0
thing	59	63
thingy	0	1
think	116	163
third	0	2
thirst	1	0
thirsty	1	1
thirteen	1	0
thirty	7	0
this	234	250
though	12	12
thought	1	3
thousand	5	2
three	22	21
through	14	17
throw	16	13
thumb	4	1
thunderstorm	1	1
tick	0	7
ticket	3	2
tickle	7	8
tie	1	1
tien	2	0
tiger	1	0
tight	1	2
till	6	3
time	61	65
timing	1	1
tin	0	6
ting	5	0
tiny	3	5
tip	1	2
tired	24	17
tiring	3	1
tissue	1	0
to	888	935
toast	3	2
toastiness	1	0
today	31	28
toe	4	3
toenail	2	2
together	5	4
toilet	4	1
tomato	2	1
tomorrow	15	14
ton	1	1
tongue	2	1
tonight	4	5
too	40	50
toot	0	3
tooth	13	12
top	10	11
topic	0	2
toque	1	0
tore	1	0
torn	1	1
totally	6	4
touch	12	12
touchdown	1	1
tough	1	0
tour	1	2
towel	5	0
town	1	1
toy	24	15
track	1	1
trail	1	1
trailer	1	2
train	4	5
trap	1	1
trash	1	1
traumatic	1	1
treat	4	2
treatment	1	1
tree	9	9
trial	0	1
trick	1	0
tried	0	1
trill	2	0
trip	4	4
trouble	5	2
truck	12	10
trucker	1	1
trumpet	1	1
trunk	0	1
trust	1	0
try	46	49
tu	3	0
tub	2	0
tumble	1	1
tummy	6	3
turn	21	17
turnaround	0	1
turner	6	3
twelve	7	0
twenty	10	0
twice	1	1
twinkle	12	10
twist	1	1
two	45	49
type	0	1
u	4	0
ugh	13	13
ugly	2	2
ultimate	0	1
um	97	37
un	1	0
under	7	6
undercut	1	1
underdog	1	0
underneath	1	1
understand	3	4
underwear	1	0
undigested	1	1
union	0	1
university	2	2
unless	3	3
unload	1	1
until	9	9
up	202	160
update	1	1
upon	1	0
upset	1	1
upstairs	1	1
use	33	32
user	1	1
usually	5	4
ut	0	3
v	2	0
van	2	0
various	1	0
vary	1	1
vast	0	1
vegetation	1	1
velvet	1	0
vent	0	1
venue	1	1
verse	1	1
versus	0	1
very	28	65
vest	3	2
vibrate	1	1
vibration	1	1
video	3	3
view	1	0
villainous	1	1
violence	0	1
virus	0	1
visa	1	1
vision	0	1
visit	0	1
visitor	1	1
vocal	1	0
voice	4	5
volt	1	1
wa	6	0
waffle	1	0
wah	2	7
wahoo	1	0
wait	37	39
waiting	1	2
wake	9	6
walk	27	21
walker	4	4
walking	3	2
wall	3	2
wallet	1	0
walnut	2	1
wan	1	4
wander	1	1
want	250	185
war	0	1
wardrobe	1	1
warm	8	6
warning	1	1
warrior	1	1
wash	12	5
washcloth	1	1
washin	1	0
washing	4	3
washroom	1	0
waste	0	2
watch	28	32
water	25	26
watermelon	3	1
wave	0	1
wawa	1	0
wax	2	2
way	34	38
we	366	479
wear	16	15
weather	0	1
web	1	0
wedding	2	1
wee	2	2
week	12	15
weekend	3	4
weight	2	4
weird	8	5
welcome	3	2
well	92	76
wet	8	5
wha	1	0
whale	0	1
what	368	396
whatever	11	12
wheat	0	1
whee	3	4
wheeler	1	0
when	72	59
whenever	5	3
where	115	82
wherever	2	3
whether	1	2
whew	1	0
which	10	14
while	9	7
whine	2	1
whiplash	0	1
white	8	7
who	57	35
whoa	21	23
whole	10	10
whoo	1	1
whoop	4	0
whose	4	1
why	71	46
wi	1	0
wide	1	0
wife	4	1
wild	1	1
wilderness	1	0
will	174	195
willing	1	0
willow	1	1
win	2	2
window	8	6
windy	1	1
wine	5	2
winter	1	1
wipe	8	4
wish	2	3
with	152	140
within	0	1
without	3	6
wizard	0	1
woman	0	1
wonder	13	11
woo	6	14
wood	1	3
woof	4	1
woohoo	0	1
wool	1	0
word	11	9
work	32	30
worker	1	1
working	1	0
world	4	6
worried	1	0
worry	2	1
worth	1	1
would	95	72
wow	32	43
wrap	1	0
write	6	5
writer	1	0
wrong	18	14
x	1	0
xylophone	1	0
y	5	0
ya	33	2
yak	1	0
yank	2	1
yard	0	1
ye	34	0
yea	5	0
yeah	395	534
year	17	16
yee	0	1
yell	2	5
yellow	7	3
yep	4	9
yer	1	0
yes	49	82
yesterday	6	4
yet	22	10
yo	1	0
you	1478	2150
young	4	3
your	291	222
yourself	6	8
yuck	2	1
yucky	3	2
yummy	8	6
z	2	0
zero	0	1
zip	0	3
zone	0	1
zoo	1	1
zoom	5	5
